station_name,station_id,agency,city,county,latitude,longitude,station_type,total_amenities,diversity_score,nearest_amenity_m,grocery,park,clinic,pharmacy,hospital,doctors,childcare,kindergartens,convenience,median_income,total_pop,total_households,households_no_vehicle,pct_no_vehicle,pct_nonwhite,GEOID,amenities_per_1000,healthcare_total,equity_flag,disadvantage_score,access_score,equity_concern
Civic Center/UN Plaza,CIVC,BART,San Francisco,sanfrancisco,37.779732,-122.414123,core,68,4,148.53268722924292,2,11,7,1,0,3,1,2,41,33750.0,1763,1091,896,82.12648945921174,40.83947816222348,6075012203,38.57061826432218,7,False,1.7914075106405403,3.7530480414564655,False
Powell St.,POWL,BART,San Francisco,sanfrancisco,37.784471,-122.407974,core,66,4,230.4339809040018,2,8,3,2,0,4,1,0,46,209803.0,3273,1309,142,10.847975553857909,41.27711579590589,6075015702,20.164986251145734,3,False,-0.5196022929887328,3.6088711899705874,False
12th St. Oakland City Center,12TH,BART,Oakland,alameda,37.803768,-122.27145,core,53,4,59.612750814182206,5,10,7,5,0,4,2,1,19,236158.0,4021,2145,278,12.96037296037296,19.7712011937329,6075012700,13.180800795821936,7,False,-0.9718894078018071,2.6717216553123806,False
24th St. Mission,24TH,BART,San Francisco,sanfrancisco,37.75247,-122.418143,core,50,4,44.37605173090225,11,7,4,1,2,2,0,2,21,213607.0,2107,1164,198,17.010309278350515,18.41480778357855,6075013402,23.730422401518748,6,False,-0.792656530487703,2.455456378083564,False
Montgomery St.,MONT,BART,San Francisco,sanfrancisco,37.789405,-122.401066,core,49,4,35.81222443136631,4,14,8,5,0,2,1,1,14,209803.0,3273,1309,142,10.847975553857909,41.27711579590589,6075015702,14.970974641002138,8,False,-0.5196022929887328,2.383367952340625,False
16th St. Mission,16TH,BART,San Francisco,sanfrancisco,37.765062,-122.419694,core,45,3,42.76467919210357,7,7,6,0,1,0,0,2,22,,0,0,0,,,6075990100,,7,False,-0.09971848670901091,2.095014249368869,False
19th St. Oakland,19TH,BART,Oakland,alameda,37.80835,-122.268602,core,39,4,37.40029849997021,1,9,6,2,0,2,3,0,16,236158.0,4021,2145,278,12.96037296037296,19.7712011937329,6075012700,9.69907983088784,6,False,-0.9718894078018071,1.662483694911235,False
Lake Merritt,LAKE,BART,Oakland,alameda,37.797027,-122.26518,core,38,4,38.2391360831304,6,5,6,3,0,3,3,1,11,236158.0,4021,2145,278,12.96037296037296,19.7712011937329,6075012700,9.45038547624969,6,False,-0.9718894078018071,1.5903952691682959,False
Embarcadero,EMBR,BART,San Francisco,sanfrancisco,37.792874,-122.39702,core,37,4,95.03124674359546,2,16,9,3,0,1,0,0,6,209803.0,3273,1309,142,10.847975553857909,41.27711579590589,6075015702,11.304613504430186,9,False,-0.5196022929887328,1.5183068434253568,False
Palo Alto,palo_alto,Caltrain,,,37.44322,-122.16429,core,27,4,196.52093748725153,3,9,5,3,0,5,0,1,1,,0,0,0,,,6081990100,,5,False,-0.09971848670901091,0.797422585995967,False
Downtown Berkeley,DBRK,BART,Berkeley,alameda,37.870104,-122.268133,core,26,4,81.85560564033642,1,2,4,2,0,2,0,4,11,147944.0,4128,1434,149,10.390516039051604,74.27325581395348,6075025900,6.2984496124031,4,False,0.34528867610783104,0.7253341602530281,False
Ashby,ASHB,BART,Berkeley,alameda,37.852803,-122.270062,core,25,4,63.47602979259588,1,5,2,1,0,1,1,4,10,147944.0,4128,1434,149,10.390516039051604,74.27325581395348,6075025900,6.056201550387597,2,False,0.34528867610783104,0.653245734510089,False
San Francisco Caltrain Station,san_francisco,Caltrain,,,37.776404,-122.394911,core,25,4,84.7199475838142,3,9,5,1,0,2,2,0,3,33750.0,1763,1091,896,82.12648945921174,40.83947816222348,6075012203,14.180374361883157,5,False,1.7914075106405403,0.653245734510089,False
Millbrae,MLBR,BART,Millbrae,sanmateo,37.600271,-122.386702,core,23,4,151.3266901175968,5,4,3,2,0,0,0,0,9,184107.0,3623,1349,9,0.6671608598962194,36.01987303339774,6081605200,6.3483301131658845,3,False,-0.6542909282287441,0.509068883024211,False
Millbrae,place_MLBR,Caltrain,,,37.5999,-122.38675,core,23,4,135.10187007981304,5,4,3,2,0,0,0,0,9,184107.0,3623,1349,9,0.6671608598962194,36.01987303339774,6081605200,6.3483301131658845,3,False,-0.6542909282287441,0.509068883024211,False
Stanford,stanford,Caltrain,,,37.43895,-122.15715,core,22,4,70.64501243244251,3,5,6,1,0,6,0,1,0,,0,0,0,,,6081990100,,6,False,-0.09971848670901091,0.4369804572812721,False
22nd Street,22nd_street,Caltrain,,,37.756972,-122.392492,core,22,3,60.960974883481576,0,10,1,1,0,1,0,0,9,148239.0,4075,1360,23,1.6911764705882353,72.46625766871165,6075033001,5.398773006134969,1,False,0.15043097447595305,0.4369804572812721,False
Fruitvale,FTVL,BART,Oakland,alameda,37.774836,-122.224175,core,21,3,98.09003655228364,4,4,6,0,0,0,0,0,7,92254.0,1612,1049,547,52.144899904671114,35.42183622828784,6075015201,13.027295285359802,6,False,0.8150639044594081,0.3648920315383331,False
North Berkeley,NBRK,BART,Berkeley,alameda,37.873967,-122.28344,core,21,2,100.67843456359113,0,11,1,0,0,0,0,1,8,116444.0,6879,2012,372,18.48906560636183,86.68411106265445,6075026100,3.0527692978630614,1,False,0.8721484537633167,0.3648920315383331,False
Redwood City,redwood_city,Caltrain,,,37.485865,-122.2315,core,21,4,59.88856799001692,4,5,3,2,1,1,0,0,5,180216.0,3929,1517,12,0.7910349373764008,18.37617714431153,6081613701,5.3448714685670655,4,False,-0.9146567022224469,0.3648920315383331,False
San Antonio,san_antonio,Caltrain,,,37.407239431,-122.107115562,core,20,4,131.278757821817,5,12,1,1,0,0,0,0,1,116548.0,4558,1014,22,2.169625246548323,81.5269855199649,6081611800,4.3878894251864855,1,False,0.48062290015573844,0.2928036057953941,False
San Mateo,san_mateo,Caltrain,,,37.56824,-122.3239,core,20,4,150.39522336841176,4,4,4,1,1,4,0,0,2,148724.0,5175,2090,31,1.4832535885167464,53.7584541062802,6081600100,3.864734299516908,5,False,-0.15752924073338762,0.2928036057953941,False
Morgan Hill,morgan_hill,Caltrain,,,37.129644,-121.650558,core,20,1,88.05470886348759,0,14,0,0,0,1,2,0,3,120889.0,6164,2442,210,8.5995085995086,72.55029201817001,6085506304,3.244646333549643,0,False,0.4333248073319642,0.2928036057953941,False
San Jose Diridon,sj_diridon,Caltrain,,,37.329694,-121.903208,core,19,3,178.1145270180085,1,4,1,0,0,0,0,3,10,196731.0,3892,1432,70,4.888268156424581,67.57451181911614,6085508601,4.881808838643371,1,False,-0.13615094078468046,0.22071518005245513,False
El Cerrito Plaza,PLZA,BART,El Cerrito,contracosta,37.902632,-122.298904,peripheral,18,4,219.47804322322816,3,9,1,1,0,1,0,0,3,179107.0,6129,2439,299,12.259122591225912,59.12873225648556,6075030301,2.936857562408223,1,False,-0.03570673140594327,0.14862675430951613,False
Dublin/Pleasanton,DUBL,BART,Pleasanton,alameda,37.701687,-121.899179,peripheral,17,3,295.09870874797207,1,14,1,0,0,0,0,0,1,42417.0,4803,999,382,38.23823823823824,55.86092025817197,6001422700,3.539454507599417,1,False,1.1574846816828466,0.07653832856657715,False
Gilroy,gilroy,Caltrain,,,37.004466,-121.566727,core,16,3,189.18610972562087,2,2,0,2,0,3,1,1,5,138750.0,4895,2155,139,6.450116009280743,62.49233912155261,6085509403,3.268641470888662,0,False,0.13200758209739805,0.004449902823638165,False
West Oakland,WOAK,BART,Oakland,alameda,37.804872,-122.29514,core,16,2,150.41377254833637,0,8,2,0,0,0,0,1,5,194625.0,3742,1359,29,2.1339220014716704,59.700694815606624,6075030302,4.27578834847675,2,False,-0.30330600349053644,0.004449902823638165,False
Menlo Park,menlo_park,Caltrain,,,37.4548,-122.18245,core,16,4,63.28611235384823,3,5,1,1,0,5,0,0,1,175139.0,4088,1383,0,0.0,77.5440313111546,6081600300,3.9138943248532287,1,False,0.05159941701013487,0.004449902823638165,False
Fremont,FRMT,BART,Fremont,alameda,37.557465,-121.976608,peripheral,15,4,240.9225190857771,2,1,1,3,3,2,0,2,1,194662.0,5367,1786,20,1.1198208286674132,26.271660145332586,6001451601,2.794857462269424,4,False,-0.861136588129324,-0.06763852291930082,False
Hayward Park,hayward_park,Caltrain,,,37.553161,-122.309494,core,14,4,178.24975533481853,4,5,1,2,0,0,0,1,1,250001.0,4251,1268,21,1.6561514195583598,30.01646671371442,6081611400,3.293342742884027,1,False,-1.0966478775062383,-0.1397269486622398,False
San Bruno Caltrain Station,san_bruno,Caltrain,,,37.630460335,-122.411709042,core,13,2,91.5346793951814,3,5,0,0,0,0,0,0,5,150139.0,3061,1660,768,46.265060240963855,31.590983338778177,6075016900,4.246978111728194,0,False,0.32239827736040555,-0.2118153744051788,False
Concord,CONC,BART,Concord,contracosta,37.973737,-122.029095,peripheral,13,4,266.104024296816,3,3,1,1,0,0,0,0,5,41264.0,7826,2579,648,25.12601783637069,90.8893432149246,6013377000,1.6611295681063123,1,False,1.480747169408584,-0.2118153744051788,False
Mountain View,mountain_view,Caltrain,,,37.395067,-122.07722,core,13,3,124.74433797808533,0,5,2,2,0,2,0,1,1,121667.0,5101,2154,93,4.3175487465181055,55.106841795726325,6085506301,2.548519898059204,2,False,0.0672523317151934,-0.2118153744051788,False
Glen Park,GLEN,BART,San Francisco,sanfrancisco,37.733064,-122.433817,core,13,4,72.17350250000975,3,6,1,1,0,0,0,0,2,124324.0,4126,1668,489,29.31654676258993,56.204556471158504,6075042601,3.150751333010179,1,False,0.5418671315156147,-0.2118153744051788,False
College Park,college_park,Caltrain,,,37.34289,-121.91565,core,12,3,269.61698190656426,2,2,3,0,0,2,1,1,1,98722.0,5737,1927,43,2.231447846393358,67.82290395677182,6085512023,2.0916855499389926,3,False,0.3595905984288241,-0.2839038001481178,False
South San Francisco Caltrain Station,south_sf,Caltrain,,,37.655941416,-122.404979006,core,12,2,234.68262829316777,1,4,0,0,0,0,1,0,6,212667.0,4162,1704,596,34.97652582159624,33.82988947621336,6075016400,2.883229216722729,0,False,-0.20020037024347412,-0.2839038001481178,False
San Francisco International Airport,SFIA,BART,San Francisco Int'l Airport,sanmateo,37.615966,-122.392409,core,12,2,272.9176608718991,0,1,1,0,0,0,0,0,10,250001.0,4783,1688,0,0.0,23.290821660045996,6081609700,2.5088856366297305,1,False,-1.2362328316270357,-0.2839038001481178,False
California Avenue,california_ave,Caltrain,,,37.428834,-122.14113,core,11,3,93.28738793732994,3,3,3,0,0,0,0,0,2,116548.0,4558,1014,22,2.169625246548323,81.5269855199649,6081611800,2.413339183852567,3,False,0.48062290015573844,-0.3559922258910568,False
Lafayette,LAFY,BART,Lafayette,contracosta,37.893176,-122.12463,peripheral,11,3,200.5774325706115,4,4,1,0,0,0,0,0,2,66887.0,2539,1054,60,5.692599620493358,68.53091768412762,6013336104,4.332414336352895,1,False,0.6122988561717473,-0.3559922258910568,False
San Leandro,SANL,BART,San Leandro,alameda,37.721947,-122.160844,core,11,3,327.0609992369004,2,3,0,2,0,1,0,0,3,250001.0,4441,1605,35,2.1806853582554515,26.593109659986492,6081612900,2.4769196126998425,0,False,-1.1418976416324278,-0.3559922258910568,False
Burlingame,burlingame,Caltrain,,,37.57985,-122.34418,core,11,4,49.41914601775822,2,5,2,1,0,0,0,0,1,126188.0,5633,2101,46,2.1894336030461687,49.05023965915143,6081603900,1.952778270903604,2,False,-0.09545446158435693,-0.3559922258910568,False
Belmont,belmont,Caltrain,,,37.52133,-122.2763,core,11,2,133.17460090735344,2,5,0,0,0,1,0,0,3,234659.0,2366,773,9,1.1642949547218628,62.1301775147929,6081608023,4.649196956889265,0,False,-0.5037993042072947,-0.3559922258910568,False
Berryessa/North San Jose,BERY,BART,San Jose,santaclara,37.368473,-121.874681,peripheral,11,4,540.8525799957272,2,2,1,2,0,0,0,0,4,112969.0,2991,815,83,10.1840490797546,78.8699431628218,6085512042,3.67769976596456,1,False,0.6088061365547351,-0.3559922258910568,False
Capitol Caltrain Station,capitol,Caltrain,,,37.284016,-121.841899,core,10,2,301.6610687253651,1,3,0,0,0,0,0,1,5,148438.0,2048,783,152,19.4125159642401,90.13671875,6085504413,4.8828125,0,True,0.7683011432855323,-0.4280806516339958,False
Tamien Caltrain Station,tamien,Caltrain,,,37.31269,-121.8847,core,10,3,168.06396092023127,1,3,0,1,0,1,0,0,4,246048.0,5595,1988,84,4.225352112676056,62.377122430741736,6085510801,1.7873100983020551,0,True,-0.5050390146229894,-0.4280806516339958,False
Castro Valley,CAST,BART,Castro Valley,alameda,37.690746,-122.075602,core,10,3,423.3600430150664,5,1,0,2,0,0,0,0,2,160063.0,4141,1676,177,10.560859188544152,46.87273605409322,6001421900,2.414875633904854,0,True,-0.1598836055045102,-0.4280806516339958,False
Union City,UCTY,BART,Union City,alameda,37.59063,-122.017388,peripheral,10,2,107.94469971567136,5,2,0,0,0,1,0,0,2,250001.0,3611,1131,8,0.707338638373121,85.29493215175852,6001443200,2.7693159789531987,0,True,-0.22409011391653288,-0.4280806516339958,False
Hayward,HAYW,BART,Hayward,alameda,37.669723,-122.087018,core,10,3,262.0024248260261,1,4,0,1,0,0,0,0,4,96200.0,2337,924,172,18.614718614718615,66.32434745400086,6001402200,4.278990158322636,0,True,0.6584751599698214,-0.4280806516339958,False
MacArthur,MCAR,BART,Oakland,alameda,37.829065,-122.26704,core,10,1,205.23647264534532,0,3,0,0,0,0,0,1,6,37891.0,3361,957,249,26.01880877742947,93.39482296935437,6075060502,2.9753049687592976,0,True,1.5565982870966308,-0.4280806516339958,False
Rockridge,ROCK,BART,Oakland,alameda,37.844702,-122.251371,core,10,2,143.53636346657814,2,4,0,0,0,0,1,1,2,147944.0,4128,1434,149,10.390516039051604,74.27325581395348,6075025900,2.4224806201550386,0,True,0.34528867610783104,-0.4280806516339958,False
Balboa Park,BALB,BART,San Francisco,sanfrancisco,37.721585,-122.447506,core,10,3,106.35204325510544,2,2,1,0,0,0,0,0,5,219107.0,4269,2345,720,30.703624733475483,31.974701335207307,6075013101,2.3424689622862496,1,True,-0.34630067185865226,-0.4280806516339958,False
Lawrence,lawrence,Caltrain,,,37.3707,-121.9969,core,9,2,372.7189893278287,2,4,0,0,0,1,0,1,1,114574.0,5137,1788,56,3.131991051454139,58.39984426708196,6085506606,1.7519953280124587,0,True,0.13714674396465984,-0.5001690773769347,False
San Carlos,san_carlos,Caltrain,,,37.508033,-122.2602,core,9,4,162.12857950104942,1,3,1,1,0,0,0,0,3,196447.0,3368,1132,13,1.1484098939929328,36.965558194774346,6081603100,2.672209026128266,1,False,-0.6982024381134689,-0.5001690773769347,False
Hillsdale,hillsdale,Caltrain,,,37.542392678,-122.301612061,core,9,2,275.92389052653186,0,7,1,0,0,0,0,0,1,134924.0,4398,1514,42,2.7741083223249667,57.503410641200546,6081610302,2.0463847203274215,1,True,0.003445628421687922,-0.5001690773769347,False
Colma,COLM,BART,Colma,sanmateo,37.684638,-122.466233,core,8,2,409.2877007839527,0,1,0,1,0,0,0,0,6,247063.0,1567,815,161,19.754601226993863,70.64454371410338,6075061504,5.105296745373325,0,True,-0.0845050857440542,-0.5722575031198738,False
El Cerrito del Norte,DELN,BART,El Cerrito,contracosta,37.925086,-122.316794,peripheral,8,3,187.4950463144668,1,6,0,1,0,0,0,0,0,229297.0,2348,885,33,3.728813559322034,46.678023850085175,6075030600,3.4071550255536627,0,False,-0.6746854078913692,-0.5722575031198738,False
Richmond,RICH,BART,Richmond,contracosta,37.936853,-122.353099,peripheral,8,4,388.8380591627137,3,1,1,2,1,0,0,0,0,69671.0,3199,1594,1017,63.80175658720201,70.67833698030634,6075017602,2.500781494216943,2,True,1.7277648988331589,-0.5722575031198738,True
Milpitas,MLPT,BART,Milpitas,santaclara,37.410277,-121.891081,peripheral,8,2,350.92896473123295,1,3,0,0,0,1,0,0,3,214412.0,4302,652,0,0.0,74.75592747559274,6085504508,1.8596001859600184,0,True,-0.2104418329059015,-0.5722575031198738,False
Pittsburg/Bay Point,PITT,BART,Pittsburg,contracosta,38.018914,-121.945154,peripheral,8,3,237.3945508170436,1,4,0,1,0,0,1,0,1,118109.0,6599,2610,54,2.068965517241379,33.459615093195936,6013320004,1.2123048946810122,0,False,-0.3042036182280395,-0.5722575031198738,False
Orinda,ORIN,BART,Orinda,contracosta,37.878361,-122.183791,peripheral,7,2,208.96370882941895,0,1,0,1,1,1,0,0,3,77524.0,1458,675,358,53.03703703703704,76.40603566529492,6075010702,4.801097393689987,1,True,1.5735298239998443,-0.6443459288628127,True
West Dublin/Pleasanton,WDUB,BART,Dublin,alameda,37.699756,-121.92824,peripheral,7,3,391.48207958370074,1,2,0,1,0,1,0,1,1,203906.0,3311,981,46,4.689092762487258,78.04288734521293,6001443322,2.1141649048625792,0,True,-0.01094628223189357,-0.6443459288628127,False
San Bruno,SBRN,BART,San Bruno,sanmateo,37.637761,-122.416287,core,7,2,146.80610633119107,1,5,0,0,0,0,0,0,1,150139.0,3061,1660,768,46.265060240963855,31.590983338778177,6075016900,2.2868343678536425,0,True,0.32239827736040555,-0.6443459288628127,False
Pleasant Hill/Contra Costa Centre,PHIL,BART,Walnut Creek,contracosta,37.928468,-122.056012,peripheral,7,2,153.61926778451812,2,2,0,0,1,0,0,0,2,66887.0,2539,1054,60,5.692599620493358,68.53091768412762,6013336104,2.7569909413154785,1,True,0.6122988561717473,-0.6443459288628127,True
Broadway,broadway,Caltrain,,,37.58726,-122.362,core,7,3,186.27040518497137,1,2,0,1,0,0,0,0,3,138108.0,5091,1482,70,4.723346828609987,66.68630917305049,6081606100,1.3749754468670203,0,True,0.17053932827666704,-0.6443459288628127,False
Santa Clara Caltrain Station,santa_clara,Caltrain,,,37.353384,-121.936465,core,7,2,435.1875758389002,0,3,0,1,0,1,0,0,2,150192.0,8473,2154,121,5.617455896007428,78.26035642629529,6085503315,0.8261536645816122,0,True,0.30703988024514794,-0.6443459288628127,False
Daly City,DALY,BART,Daly City,sanmateo,37.706121,-122.469081,core,6,2,382.73288227637056,1,3,0,0,1,0,0,0,1,158854.0,3202,1458,574,39.36899862825789,26.264834478450965,6075016601,1.8738288569643973,1,True,0.058320327959751166,-0.7164343546057517,False
South San Francisco,SSAN,BART,South San Francisco,sanmateo,37.664245,-122.44396,core,6,3,196.65999937887025,2,1,0,1,1,0,0,0,1,62813.0,3313,1543,309,20.02592352559948,66.34470268638695,6075033203,1.8110473890733472,1,True,0.8700132181142436,-0.7164343546057517,True
Antioch,ANTC,BART,Antioch,contracosta,37.995388,-121.78042,peripheral,5,2,128.10204187623293,1,3,0,0,0,0,0,0,1,250001.0,3333,944,13,1.3771186440677965,89.67896789678967,6013355123,1.5001500150015,0,True,-0.14083368832510512,-0.7885227803486907,False
Sunnyvale,sunnyvale,Caltrain,,,37.378934,-122.0315,core,5,3,375.47008676295326,1,1,0,1,0,1,0,1,0,121667.0,5101,2154,93,4.3175487465181055,55.106841795726325,6085506301,0.9801999607920014,0,False,0.0672523317151934,-0.7885227803486907,False
Blossom Hill Caltrain Station,blossom_hill,Caltrain,,,37.252606,-121.797907,core,5,3,242.81649437727847,1,1,1,0,0,0,0,0,2,177692.0,3816,1738,292,16.800920598388952,59.53878406708595,6085509303,1.310272536687631,1,True,0.06440563837610784,-0.7885227803486907,False
Walnut Creek,WCRK,BART,Walnut Creek,contracosta,37.905522,-122.067527,peripheral,5,1,522.2043248841015,0,2,0,0,0,1,1,0,1,168922.0,3231,1269,55,4.334121355397951,27.51470133085732,6013338102,1.547508511296812,0,False,-0.6381642614691757,-0.7885227803486907,False
Bay Fair,BAYF,BART,San Leandro,alameda,37.696924,-122.126514,core,5,2,448.87110428263856,2,1,0,0,0,0,0,0,2,250001.0,4441,1605,35,2.1806853582554515,26.593109659986492,6081612900,1.125872551227201,0,False,-1.1418976416324278,-0.7885227803486907,False
Bayshore,bayshore,Caltrain,,,37.70766,-122.401665,core,4,2,392.8288256967144,1,1,0,0,0,0,0,0,2,250001.0,3379,1004,2,0.199203187250996,23.705238236164547,6081612800,1.1837821840781295,0,False,-1.2257990736531752,-0.8606112060916297,False
San Martin,san_martin,Caltrain,,,37.085984,-121.61048,core,4,1,90.22908073534148,1,0,0,0,0,0,1,0,2,120889.0,6164,2442,210,8.5995085995086,72.55029201817001,6085506304,0.6489292667099286,0,True,0.4333248073319642,-0.8606112060916297,False
Pittsburg Center,PCTR,BART,Pittsburg,contracosta,38.016941,-121.889457,peripheral,3,2,174.97457355620656,1,1,0,0,0,0,0,0,1,250001.0,7894,2712,76,2.8023598820058995,26.982518368381047,6013346204,0.3800354699771979,0,False,-1.1238965354169073,-0.9326996318345687,False
Coliseum,COLS,BART,Oakland,alameda,37.753661,-122.196869,core,3,1,258.10237408143297,0,2,0,0,0,0,0,0,1,200350.0,2599,981,57,5.81039755351682,49.134282416313965,6081605502,1.1542901115813775,0,True,-0.4358087259699659,-0.9326996318345687,False
Oakland International Airport,OAKL,BART,Oakland,alameda,37.713238,-122.212191,core,2,0,413.76857585240424,0,0,0,0,0,0,0,0,2,200350.0,2599,981,57,5.81039755351682,49.134282416313965,6081605502,0.7695267410542517,0,True,-0.4358087259699659,-1.0047880575775077,False
South Hayward,SHAY,BART,Hayward,alameda,37.634375,-122.057189,core,2,1,691.8879107407862,0,2,0,0,0,0,0,0,0,115156.0,2238,1202,204,16.97171381031614,44.05719392314567,6001403702,0.8936550491510277,0,True,0.16398441376771355,-1.0047880575775077,False
North Concord/Martinez,NCON,BART,Concord,contracosta,38.003193,-122.024653,peripheral,1,1,489.41441919617296,0,1,0,0,0,0,0,0,0,163209.0,4679,1530,10,0.6535947712418301,38.726223552041034,6013303211,0.2137208805300277,0,False,-0.4954125039898505,-1.0768764833204467,False
Warm Springs/South Fremont,WARM,BART,Fremont,alameda,37.502171,-121.939313,peripheral,0,0,,0,0,0,0,0,0,0,0,0,190595.0,5626,2188,76,3.473491773308958,59.04728048346961,6085505305,0.0,0,True,-0.2662790663274935,-1.1489649090633856,False
